<application>
  <component name="ProjectJdkTable">
    <jdk version="2">
      <name value="19" />
      <type value="JavaSDK" />
      <version value="Oracle OpenJDK version 19" />
      <homePath value="C:/Program Files/OpenJDK/jdk-19" />
      <roots>
        <annotationsPath>
          <root type="composite">
            <root url="jar://$APPLICATION_HOME_DIR$/plugins/java/lib/resources/jdkAnnotations.jar!/" type="simple" />
          </root>
        </annotationsPath>
        <classPath>
          <root type="composite">
            <root url="jrt://C:/Program Files/OpenJDK/jdk-19!/java.base" type="simple" />
            <root url="jrt://C:/Program Files/OpenJDK/jdk-19!/java.compiler" type="simple" />
            <root url="jrt://C:/Program Files/OpenJDK/jdk-19!/java.datatransfer" type="simple" />
            <root url="jrt://C:/Program Files/OpenJDK/jdk-19!/java.desktop" type="simple" />
            <root url="jrt://C:/Program Files/OpenJDK/jdk-19!/java.instrument" type="simple" />
            <root url="jrt://C:/Program Files/OpenJDK/jdk-19!/java.logging" type="simple" />
            <root url="jrt://C:/Program Files/OpenJDK/jdk-19!/java.management" type="simple" />
            <root url="jrt://C:/Program Files/OpenJDK/jdk-19!/java.management.rmi" type="simple" />
            <root url="jrt://C:/Program Files/OpenJDK/jdk-19!/java.naming" type="simple" />
            <root url="jrt://C:/Program Files/OpenJDK/jdk-19!/java.net.http" type="simple" />
            <root url="jrt://C:/Program Files/OpenJDK/jdk-19!/java.prefs" type="simple" />
            <root url="jrt://C:/Program Files/OpenJDK/jdk-19!/java.rmi" type="simple" />
            <root url="jrt://C:/Program Files/OpenJDK/jdk-19!/java.scripting" type="simple" />
            <root url="jrt://C:/Program Files/OpenJDK/jdk-19!/java.se" type="simple" />
            <root url="jrt://C:/Program Files/OpenJDK/jdk-19!/java.security.jgss" type="simple" />
            <root url="jrt://C:/Program Files/OpenJDK/jdk-19!/java.security.sasl" type="simple" />
            <root url="jrt://C:/Program Files/OpenJDK/jdk-19!/java.smartcardio" type="simple" />
            <root url="jrt://C:/Program Files/OpenJDK/jdk-19!/java.sql" type="simple" />
            <root url="jrt://C:/Program Files/OpenJDK/jdk-19!/java.sql.rowset" type="simple" />
            <root url="jrt://C:/Program Files/OpenJDK/jdk-19!/java.transaction.xa" type="simple" />
            <root url="jrt://C:/Program Files/OpenJDK/jdk-19!/java.xml" type="simple" />
            <root url="jrt://C:/Program Files/OpenJDK/jdk-19!/java.xml.crypto" type="simple" />
            <root url="jrt://C:/Program Files/OpenJDK/jdk-19!/jdk.accessibility" type="simple" />
            <root url="jrt://C:/Program Files/OpenJDK/jdk-19!/jdk.attach" type="simple" />
            <root url="jrt://C:/Program Files/OpenJDK/jdk-19!/jdk.charsets" type="simple" />
            <root url="jrt://C:/Program Files/OpenJDK/jdk-19!/jdk.compiler" type="simple" />
            <root url="jrt://C:/Program Files/OpenJDK/jdk-19!/jdk.crypto.cryptoki" type="simple" />
            <root url="jrt://C:/Program Files/OpenJDK/jdk-19!/jdk.crypto.ec" type="simple" />
            <root url="jrt://C:/Program Files/OpenJDK/jdk-19!/jdk.crypto.mscapi" type="simple" />
            <root url="jrt://C:/Program Files/OpenJDK/jdk-19!/jdk.dynalink" type="simple" />
            <root url="jrt://C:/Program Files/OpenJDK/jdk-19!/jdk.editpad" type="simple" />
            <root url="jrt://C:/Program Files/OpenJDK/jdk-19!/jdk.hotspot.agent" type="simple" />
            <root url="jrt://C:/Program Files/OpenJDK/jdk-19!/jdk.httpserver" type="simple" />
            <root url="jrt://C:/Program Files/OpenJDK/jdk-19!/jdk.incubator.concurrent" type="simple" />
            <root url="jrt://C:/Program Files/OpenJDK/jdk-19!/jdk.incubator.vector" type="simple" />
            <root url="jrt://C:/Program Files/OpenJDK/jdk-19!/jdk.internal.ed" type="simple" />
            <root url="jrt://C:/Program Files/OpenJDK/jdk-19!/jdk.internal.jvmstat" type="simple" />
            <root url="jrt://C:/Program Files/OpenJDK/jdk-19!/jdk.internal.le" type="simple" />
            <root url="jrt://C:/Program Files/OpenJDK/jdk-19!/jdk.internal.opt" type="simple" />
            <root url="jrt://C:/Program Files/OpenJDK/jdk-19!/jdk.internal.vm.ci" type="simple" />
            <root url="jrt://C:/Program Files/OpenJDK/jdk-19!/jdk.internal.vm.compiler" type="simple" />
            <root url="jrt://C:/Program Files/OpenJDK/jdk-19!/jdk.internal.vm.compiler.management" type="simple" />
            <root url="jrt://C:/Program Files/OpenJDK/jdk-19!/jdk.jartool" type="simple" />
            <root url="jrt://C:/Program Files/OpenJDK/jdk-19!/jdk.javadoc" type="simple" />
            <root url="jrt://C:/Program Files/OpenJDK/jdk-19!/jdk.jcmd" type="simple" />
            <root url="jrt://C:/Program Files/OpenJDK/jdk-19!/jdk.jconsole" type="simple" />
            <root url="jrt://C:/Program Files/OpenJDK/jdk-19!/jdk.jdeps" type="simple" />
            <root url="jrt://C:/Program Files/OpenJDK/jdk-19!/jdk.jdi" type="simple" />
            <root url="jrt://C:/Program Files/OpenJDK/jdk-19!/jdk.jdwp.agent" type="simple" />
            <root url="jrt://C:/Program Files/OpenJDK/jdk-19!/jdk.jfr" type="simple" />
            <root url="jrt://C:/Program Files/OpenJDK/jdk-19!/jdk.jlink" type="simple" />
            <root url="jrt://C:/Program Files/OpenJDK/jdk-19!/jdk.jpackage" type="simple" />
            <root url="jrt://C:/Program Files/OpenJDK/jdk-19!/jdk.jshell" type="simple" />
            <root url="jrt://C:/Program Files/OpenJDK/jdk-19!/jdk.jsobject" type="simple" />
            <root url="jrt://C:/Program Files/OpenJDK/jdk-19!/jdk.jstatd" type="simple" />
            <root url="jrt://C:/Program Files/OpenJDK/jdk-19!/jdk.localedata" type="simple" />
            <root url="jrt://C:/Program Files/OpenJDK/jdk-19!/jdk.management" type="simple" />
            <root url="jrt://C:/Program Files/OpenJDK/jdk-19!/jdk.management.agent" type="simple" />
            <root url="jrt://C:/Program Files/OpenJDK/jdk-19!/jdk.management.jfr" type="simple" />
            <root url="jrt://C:/Program Files/OpenJDK/jdk-19!/jdk.naming.dns" type="simple" />
            <root url="jrt://C:/Program Files/OpenJDK/jdk-19!/jdk.naming.rmi" type="simple" />
            <root url="jrt://C:/Program Files/OpenJDK/jdk-19!/jdk.net" type="simple" />
            <root url="jrt://C:/Program Files/OpenJDK/jdk-19!/jdk.nio.mapmode" type="simple" />
            <root url="jrt://C:/Program Files/OpenJDK/jdk-19!/jdk.random" type="simple" />
            <root url="jrt://C:/Program Files/OpenJDK/jdk-19!/jdk.sctp" type="simple" />
            <root url="jrt://C:/Program Files/OpenJDK/jdk-19!/jdk.security.auth" type="simple" />
            <root url="jrt://C:/Program Files/OpenJDK/jdk-19!/jdk.security.jgss" type="simple" />
            <root url="jrt://C:/Program Files/OpenJDK/jdk-19!/jdk.unsupported" type="simple" />
            <root url="jrt://C:/Program Files/OpenJDK/jdk-19!/jdk.unsupported.desktop" type="simple" />
            <root url="jrt://C:/Program Files/OpenJDK/jdk-19!/jdk.xml.dom" type="simple" />
            <root url="jrt://C:/Program Files/OpenJDK/jdk-19!/jdk.zipfs" type="simple" />
          </root>
        </classPath>
        <javadocPath>
          <root type="composite">
            <root url="https://download.java.net/java/early_access/jdk19/docs/api/" type="simple" />
          </root>
        </javadocPath>
        <sourcePath>
          <root type="composite">
            <root url="jar://C:/Program Files/OpenJDK/jdk-19/lib/src.zip!/java.se" type="simple" />
            <root url="jar://C:/Program Files/OpenJDK/jdk-19/lib/src.zip!/jdk.jdi" type="simple" />
            <root url="jar://C:/Program Files/OpenJDK/jdk-19/lib/src.zip!/jdk.jfr" type="simple" />
            <root url="jar://C:/Program Files/OpenJDK/jdk-19/lib/src.zip!/jdk.net" type="simple" />
            <root url="jar://C:/Program Files/OpenJDK/jdk-19/lib/src.zip!/java.rmi" type="simple" />
            <root url="jar://C:/Program Files/OpenJDK/jdk-19/lib/src.zip!/java.sql" type="simple" />
            <root url="jar://C:/Program Files/OpenJDK/jdk-19/lib/src.zip!/java.xml" type="simple" />
            <root url="jar://C:/Program Files/OpenJDK/jdk-19/lib/src.zip!/jdk.jcmd" type="simple" />
            <root url="jar://C:/Program Files/OpenJDK/jdk-19/lib/src.zip!/jdk.sctp" type="simple" />
            <root url="jar://C:/Program Files/OpenJDK/jdk-19/lib/src.zip!/java.base" type="simple" />
            <root url="jar://C:/Program Files/OpenJDK/jdk-19/lib/src.zip!/jdk.jdeps" type="simple" />
            <root url="jar://C:/Program Files/OpenJDK/jdk-19/lib/src.zip!/jdk.jlink" type="simple" />
            <root url="jar://C:/Program Files/OpenJDK/jdk-19/lib/src.zip!/jdk.zipfs" type="simple" />
            <root url="jar://C:/Program Files/OpenJDK/jdk-19/lib/src.zip!/java.prefs" type="simple" />
            <root url="jar://C:/Program Files/OpenJDK/jdk-19/lib/src.zip!/jdk.attach" type="simple" />
            <root url="jar://C:/Program Files/OpenJDK/jdk-19/lib/src.zip!/jdk.jshell" type="simple" />
            <root url="jar://C:/Program Files/OpenJDK/jdk-19/lib/src.zip!/jdk.jstatd" type="simple" />
            <root url="jar://C:/Program Files/OpenJDK/jdk-19/lib/src.zip!/jdk.random" type="simple" />
            <root url="jar://C:/Program Files/OpenJDK/jdk-19/lib/src.zip!/java.naming" type="simple" />
            <root url="jar://C:/Program Files/OpenJDK/jdk-19/lib/src.zip!/jdk.editpad" type="simple" />
            <root url="jar://C:/Program Files/OpenJDK/jdk-19/lib/src.zip!/jdk.jartool" type="simple" />
            <root url="jar://C:/Program Files/OpenJDK/jdk-19/lib/src.zip!/jdk.javadoc" type="simple" />
            <root url="jar://C:/Program Files/OpenJDK/jdk-19/lib/src.zip!/jdk.xml.dom" type="simple" />
            <root url="jar://C:/Program Files/OpenJDK/jdk-19/lib/src.zip!/java.desktop" type="simple" />
            <root url="jar://C:/Program Files/OpenJDK/jdk-19/lib/src.zip!/java.logging" type="simple" />
            <root url="jar://C:/Program Files/OpenJDK/jdk-19/lib/src.zip!/jdk.charsets" type="simple" />
            <root url="jar://C:/Program Files/OpenJDK/jdk-19/lib/src.zip!/jdk.compiler" type="simple" />
            <root url="jar://C:/Program Files/OpenJDK/jdk-19/lib/src.zip!/jdk.dynalink" type="simple" />
            <root url="jar://C:/Program Files/OpenJDK/jdk-19/lib/src.zip!/jdk.jconsole" type="simple" />
            <root url="jar://C:/Program Files/OpenJDK/jdk-19/lib/src.zip!/jdk.jpackage" type="simple" />
            <root url="jar://C:/Program Files/OpenJDK/jdk-19/lib/src.zip!/jdk.jsobject" type="simple" />
            <root url="jar://C:/Program Files/OpenJDK/jdk-19/lib/src.zip!/java.compiler" type="simple" />
            <root url="jar://C:/Program Files/OpenJDK/jdk-19/lib/src.zip!/java.net.http" type="simple" />
            <root url="jar://C:/Program Files/OpenJDK/jdk-19/lib/src.zip!/jdk.crypto.ec" type="simple" />
            <root url="jar://C:/Program Files/OpenJDK/jdk-19/lib/src.zip!/java.scripting" type="simple" />
            <root url="jar://C:/Program Files/OpenJDK/jdk-19/lib/src.zip!/jdk.httpserver" type="simple" />
            <root url="jar://C:/Program Files/OpenJDK/jdk-19/lib/src.zip!/jdk.jdwp.agent" type="simple" />
            <root url="jar://C:/Program Files/OpenJDK/jdk-19/lib/src.zip!/jdk.localedata" type="simple" />
            <root url="jar://C:/Program Files/OpenJDK/jdk-19/lib/src.zip!/jdk.management" type="simple" />
            <root url="jar://C:/Program Files/OpenJDK/jdk-19/lib/src.zip!/jdk.naming.dns" type="simple" />
            <root url="jar://C:/Program Files/OpenJDK/jdk-19/lib/src.zip!/jdk.naming.rmi" type="simple" />
            <root url="jar://C:/Program Files/OpenJDK/jdk-19/lib/src.zip!/java.instrument" type="simple" />
            <root url="jar://C:/Program Files/OpenJDK/jdk-19/lib/src.zip!/java.management" type="simple" />
            <root url="jar://C:/Program Files/OpenJDK/jdk-19/lib/src.zip!/java.sql.rowset" type="simple" />
            <root url="jar://C:/Program Files/OpenJDK/jdk-19/lib/src.zip!/java.xml.crypto" type="simple" />
            <root url="jar://C:/Program Files/OpenJDK/jdk-19/lib/src.zip!/jdk.internal.ed" type="simple" />
            <root url="jar://C:/Program Files/OpenJDK/jdk-19/lib/src.zip!/jdk.internal.le" type="simple" />
            <root url="jar://C:/Program Files/OpenJDK/jdk-19/lib/src.zip!/jdk.nio.mapmode" type="simple" />
            <root url="jar://C:/Program Files/OpenJDK/jdk-19/lib/src.zip!/jdk.unsupported" type="simple" />
            <root url="jar://C:/Program Files/OpenJDK/jdk-19/lib/src.zip!/java.smartcardio" type="simple" />
            <root url="jar://C:/Program Files/OpenJDK/jdk-19/lib/src.zip!/jdk.internal.opt" type="simple" />
            <root url="jar://C:/Program Files/OpenJDK/jdk-19/lib/src.zip!/java.datatransfer" type="simple" />
            <root url="jar://C:/Program Files/OpenJDK/jdk-19/lib/src.zip!/jdk.accessibility" type="simple" />
            <root url="jar://C:/Program Files/OpenJDK/jdk-19/lib/src.zip!/jdk.crypto.mscapi" type="simple" />
            <root url="jar://C:/Program Files/OpenJDK/jdk-19/lib/src.zip!/jdk.hotspot.agent" type="simple" />
            <root url="jar://C:/Program Files/OpenJDK/jdk-19/lib/src.zip!/jdk.security.auth" type="simple" />
            <root url="jar://C:/Program Files/OpenJDK/jdk-19/lib/src.zip!/jdk.security.jgss" type="simple" />
            <root url="jar://C:/Program Files/OpenJDK/jdk-19/lib/src.zip!/java.security.jgss" type="simple" />
            <root url="jar://C:/Program Files/OpenJDK/jdk-19/lib/src.zip!/java.security.sasl" type="simple" />
            <root url="jar://C:/Program Files/OpenJDK/jdk-19/lib/src.zip!/jdk.internal.vm.ci" type="simple" />
            <root url="jar://C:/Program Files/OpenJDK/jdk-19/lib/src.zip!/jdk.management.jfr" type="simple" />
            <root url="jar://C:/Program Files/OpenJDK/jdk-19/lib/src.zip!/java.management.rmi" type="simple" />
            <root url="jar://C:/Program Files/OpenJDK/jdk-19/lib/src.zip!/java.transaction.xa" type="simple" />
            <root url="jar://C:/Program Files/OpenJDK/jdk-19/lib/src.zip!/jdk.crypto.cryptoki" type="simple" />
            <root url="jar://C:/Program Files/OpenJDK/jdk-19/lib/src.zip!/jdk.incubator.vector" type="simple" />
            <root url="jar://C:/Program Files/OpenJDK/jdk-19/lib/src.zip!/jdk.internal.jvmstat" type="simple" />
            <root url="jar://C:/Program Files/OpenJDK/jdk-19/lib/src.zip!/jdk.management.agent" type="simple" />
            <root url="jar://C:/Program Files/OpenJDK/jdk-19/lib/src.zip!/jdk.unsupported.desktop" type="simple" />
            <root url="jar://C:/Program Files/OpenJDK/jdk-19/lib/src.zip!/jdk.incubator.concurrent" type="simple" />
            <root url="jar://C:/Program Files/OpenJDK/jdk-19/lib/src.zip!/jdk.internal.vm.compiler" type="simple" />
            <root url="jar://C:/Program Files/OpenJDK/jdk-19/lib/src.zip!/jdk.internal.vm.compiler.management" type="simple" />
          </root>
        </sourcePath>
      </roots>
      <additional />
    </jdk>
  </component>
</application>